1,"The World is FLAT","Thomas L. Friedman"
2,"The Inscrutable Americans","Anurag Mathur"
3,"The Ashram a Novel",Devashish
4,Nanovation,"Kevin and Jackie Freiberg and Dain Dunston"
5,"Bharata Natyam","Sanjay Borade"
6,"Harriet The Spy","Louise Fitzhugh"
7,"Not a penny more,Not a penny less","Jeffrey Archer"
8,Kundalini,"Swami Atmananda"
9,"The Complete Works of Kahlil Gibran","Kahlil Gibran"
10,"The Secret of Shadow Ranch","Carolyn Keene"
11,Cinderella,"Aneurin Rhys & Ronne Randall"
12,"The Ugly Duckling level 1",Ladybird
13,"The Little Red Hen",Ladybird
14,Peekaboo,Disney
15,"The Earth","Nature Library"
16,"The land And Wildlife Of AFRICA","Nature Library"
17,"HOW AND WHY","Science Experiments"
18,"A Festival of Trees",Disney
19,"Fairy Tales","Brian Morse & Peter Stevenson"
20,"Aesop's Fables","Yogesh Joshi"
21,"Tell Me About The World","School Specialty"
22,"Book of Animals",Pogo
23,"The Merchant Of Venice",A.W.Verity
24,"Table Talk","William Hazlitt"
25,"The Confession","John Grisham"
26,"The Seven Minutes","Irving Wallace"
